{"cameraMode":{"drawMode":0,"name":"Shaded","section":"Shading Mode"},"sceneLighting":true,"audioPlay":false,"sceneViewState":{"m_AlwaysRefresh":false,"showFog":true,"showSkybox":true,"showFlares":true,"showImageEffects":true,"showParticleSystems":true,"showVisualEffectGraphs":true,"m_FxEnabled":true},"in2DMode":false,"pivot":{"x":23.661231994628908,"y":17.25544548034668,"z":-4.755720138549805},"rotation":{"x":0.19735242426395417,"y":0.7249261140823364,"z":-0.23138302564620973,"w":0.6181135773658752},"size":10.683841705322266,"orthographic":true}